----- POBLADO DE LA BASE DE DATOS PASTORENCHILADO -----------
------- TIPO 1 -------
-- CDia
INSERT INTO CDia(sDia) VALUES ('Lunes');
INSERT INTO CDia(sDia) VALUES ('Martes');
INSERT INTO CDia(sDia) VALUES ('Miercoles');
INSERT INTO CDia(sDia) VALUES ('Jueves');
INSERT INTO CDia(sDia) VALUES ('Viernes');
INSERT INTO CDia(sDia) VALUES ('Sabado');
INSERT INTO CDia(sDia) VALUES ('Domingo');
-- CEstado
INSERT INTO CEstado(sEstado) VALUES('Aguascalientes');
INSERT INTO CEstado(sEstado) VALUES('Baja California');
INSERT INTO CEstado(sEstado) VALUES('Baja California Sur');
INSERT INTO CEstado(sEstado) VALUES('Campeche');
INSERT INTO CEstado(sEstado) VALUES('Chiapas');
INSERT INTO CEstado(sEstado) VALUES('Chihuahua');
INSERT INTO CEstado(sEstado) VALUES('Ciudad de Mexico');
INSERT INTO CEstado(sEstado) VALUES('Coahuila de Zaragoza');
INSERT INTO CEstado(sEstado) VALUES('Colima');
INSERT INTO CEstado(sEstado) VALUES('Durango');
INSERT INTO CEstado(sEstado) VALUES('Guanajuato');
INSERT INTO CEstado(sEstado) VALUES('Guerrero');
INSERT INTO CEstado(sEstado) VALUES('Hidalgo');
INSERT INTO CEstado(sEstado) VALUES('Jalisco');
INSERT INTO CEstado(sEstado) VALUES('Estado de Mexico');
INSERT INTO CEstado(sEstado) VALUES('Michoacan de Ocampo');
INSERT INTO CEstado(sEstado) VALUES('Morelos');
INSERT INTO CEstado(sEstado) VALUES('Nayarit');
INSERT INTO CEstado(sEstado) VALUES('Nuevo Leon');
INSERT INTO CEstado(sEstado) VALUES('Oaxaca');
INSERT INTO CEstado(sEstado) VALUES('Puebla');
INSERT INTO CEstado(sEstado) VALUES('Queretaro de Arteaga');
INSERT INTO CEstado(sEstado) VALUES('Quintana Roo');
INSERT INTO CEstado(sEstado) VALUES('San Luis Potosi');
INSERT INTO CEstado(sEstado) VALUES('Sinaloa');
INSERT INTO CEstado(sEstado) VALUES('Sonora');
INSERT INTO CEstado(sEstado) VALUES('Tabasco');
INSERT INTO CEstado(sEstado) VALUES('Tamaulipas');
INSERT INTO CEstado(sEstado) VALUES('Tlaxcala');
INSERT INTO CEstado(sEstado) VALUES('Veracruz de Ignacio de la Llave');
INSERT INTO CEstado(sEstado) VALUES('Yucatan');
INSERT INTO CEstado(sEstado) VALUES('Zacatecas');
-- CTipo_Direccion
INSERT INTO CTipo_Direccion(sTipoDireccion) VALUES('Casa');
INSERT INTO CTipo_Direccion(sTipoDireccion) VALUES('Oficina');
INSERT INTO CTipo_Direccion(sTipoDireccion) VALUES('Otro');
INSERT INTO CTipo_Direccion(sTipoDireccion) VALUES('Local');
-- Persona
INSERT INTO Persona VALUES ('Pastor', 'Flores', 'Cristian', '1973-04-23', 'cr.paflo44@gmail.com');
INSERT INTO Persona VALUES ('Rodriguez', 'Vargas', 'Eva Maria', '1969-11-07', 'eva.rodriguev21@msn.com');
INSERT INTO Persona VALUES ('Serrano', 'Gil', 'Jaime', '1961-11-12', 'jai.serr6@gmail.com');
INSERT INTO Persona VALUES ('Gallego', 'Delgado', 'Maria', '1994-06-19', 'm.galldelgad@facebook.com');
INSERT INTO Persona VALUES ('Torres', 'Flores', 'Ismael', '1999-04-19', 'is_torreflore53@gmail.com');
INSERT INTO Persona VALUES ('Garrido', 'Bravo', 'Fernando', '1957-02-03', 'fernan-garrbr92@msn.com');
INSERT INTO Persona VALUES ('Mora', 'Muñoz', 'Aurora', '1952-10-19', 'a.morm@msn.com');
INSERT INTO Persona VALUES ('Serrano', 'Vidal', 'Luis', '1946-03-05', 'l_sevid57@facebook.com');
INSERT INTO Persona VALUES ('Vega', 'Nieto', 'Jose Carlos', '1955-02-12', 'josvn@facebook.com');
INSERT INTO Persona VALUES ('Martin', 'Romero', 'Manuela', '1954-03-03', 'mrom@msn.com');
INSERT INTO Persona VALUES ('Vargas', 'Navarro', 'Domingo', '1963-02-14', 'dom_vnava79@ciencias.unam.mx');
INSERT INTO Persona VALUES ('Gomez', 'Soto', 'Purificacion', '1988-03-03', 'purificacio_74@facebook.com');
INSERT INTO Persona VALUES ('Sanchez', 'Moreno', 'Paula', '1966-05-03', 'pau_more@facebook.com');
INSERT INTO Persona VALUES ('Mendez', 'Garcia', 'Yolanda', '1960-05-16', 'yolandmgar@ciencias.unam.mx');
INSERT INTO Persona VALUES ('Castro', 'Cruz', 'Maria Josefa', '1948-10-25', 'mariacastrcr@gmail.com');
INSERT INTO Persona VALUES ('Reyes', 'Blanco', 'Felix', '1992-06-11', 'f_reyebl@unam.mx');
INSERT INTO Persona VALUES ('Crespo', 'Montero', 'Alberto', '1987-05-15', 'acres23@live.com');
INSERT INTO Persona VALUES ('Cortes', 'Torres', 'Alberto', '1979-01-13', 'albtorr68@msn.com');
INSERT INTO Persona VALUES ('Calvo', 'Cabrera', 'Ruben', '1974-01-02', 'r_calvcabrer@live.com');
INSERT INTO Persona VALUES ('Diez', 'Fuentes', 'Victor Manuel', '1962-04-20', 'victor.dief59@gmail.com');
INSERT INTO Persona VALUES ('Clinton', 'Wishi', 'Hillary', '1939-04-20', 'hillary@gmail.com');
INSERT INTO Persona VALUES ('Rosas', 'Piña', 'Juan', '1945-12-26', 'rosasp@gmail.com');
INSERT INTO Persona VALUES ('Kennedy', 'Washington', 'Kenny', '1967-07-12', 'kennykw@gmail.com');
INSERT INTO Persona VALUES ('Huerta', 'Gonzalez', 'Javier', '1993-06-10', 'javierhg@gmail.com');
INSERT INTO Persona VALUES ('Tellez', 'Vieyra', 'Aylin', '1995-12-06', 'vieyraaylin@gmail.com');
INSERT INTO Persona VALUES ('Matla', 'Cruz', 'Orlando', '1976-01-30', 'matlaoc@gmail.com');
INSERT INTO Persona VALUES ('Castro', 'Rodriguez', 'Alejandra', '1987-03-06', 'castrora@gmail.com');
INSERT INTO Persona VALUES ('Lazaro', 'Cardenal', 'Luis', '1998-07-08', 'lazarosoy@gmail.com');
INSERT INTO Persona VALUES ('Huitron', 'Gomez', 'Cecilia', '1990-04-20', 'huitriton@gmail.com');
INSERT INTO Persona VALUES ('Peña', 'Nieto', 'Pedro', '1966-09-17', 'soypena@gmail.com');
-- Telefono
INSERT INTO Telefono([sTelefono],[bActivo]) VALUES('96-44-31-55-33','true'),('37-59-41-36-57','true'),('14-61-76-99-88','true'),('13-62-93-83-54','true'),('92-72-69-29-75','true'),('52-37-76-24-87','true'),('25-73-42-33-88','true'),('86-67-73-23-49','true'),('14-63-48-62-29','true'),('57-62-12-84-95','true');
INSERT INTO Telefono([sTelefono],[bActivo]) VALUES('99-15-68-99-72','true'),('53-54-96-16-56','true'),('11-99-61-72-35','true'),('47-85-75-72-88','true'),('92-39-16-17-24','true'),('44-65-32-33-73','true'),('84-72-87-92-59','true'),('79-83-71-96-78','true'),('68-39-93-15-96','true'),('39-95-76-85-43','true');
INSERT INTO Telefono([sTelefono],[bActivo]) VALUES('12-35-81-49-48','true'),('58-47-28-26-69','true'),('33-76-35-93-15','true'),('97-68-73-94-27','true'),('52-96-39-68-49','true'),('14-87-76-97-71','true'),('25-35-79-26-71','true'),('37-64-99-14-16','true'),('52-18-94-97-51','true'),('31-52-33-48-98','true');
INSERT INTO Telefono([sTelefono],[bActivo]) VALUES('79-38-47-49-11','true'),('46-51-68-78-12','true'),('33-76-62-68-93','true'),('38-16-68-46-37','true'),('96-94-29-85-43','true'),('37-53-27-29-39','true'),('28-15-77-14-85','true'),('38-93-32-64-15','true'),('45-67-56-81-62','true'),('71-68-88-77-92','true');
INSERT INTO Telefono([sTelefono],[bActivo]) VALUES('68-27-65-65-16','true'),('79-78-25-56-93','true'),('67-22-42-23-51','true'),('25-64-88-43-96','true'),('81-57-71-18-58','true'),('29-33-48-49-93','true'),('95-94-29-43-34','true'),('19-46-26-57-77','true'),('68-96-18-59-65','true'),('89-34-96-96-58','true');
INSERT INTO Telefono([sTelefono],[bActivo]) VALUES('45-83-76-84-36','true'),('25-25-31-42-84','true'),('96-54-33-18-62','true'),('49-24-11-33-95','true'),('37-85-92-12-55','true'),('73-17-36-86-71','true'),('32-74-32-61-92','true'),('57-59-45-17-22','true'),('19-39-12-74-18','true'),('36-56-29-24-81','true');
INSERT INTO Telefono([sTelefono],[bActivo]) VALUES('95-81-48-55-85','true'),('17-95-15-51-22','true'),('96-58-75-35-72','true'),('82-72-27-45-69','true'),('28-15-38-84-56','true'),('31-83-42-41-51','true'),('79-64-56-33-47','true'),('38-57-11-32-23','true'),('34-54-36-79-78','true'),('22-74-91-81-34','true');
INSERT INTO Telefono([sTelefono],[bActivo]) VALUES('99-41-46-57-94','true'),('76-75-75-26-45','true'),('79-56-76-82-62','true'),('97-32-13-47-32','true'),('73-11-78-77-73','true'),('66-59-99-56-11','true'),('48-12-67-37-25','true'),('96-48-27-54-59','true'),('54-99-27-49-64','true'),('33-23-32-12-91','true');
INSERT INTO Telefono([sTelefono],[bActivo]) VALUES('57-56-33-91-63','true'),('82-62-75-57-84','true'),('31-13-84-36-61','true'),('26-34-79-22-55','true'),('52-27-98-15-32','true'),('26-39-38-66-55','true'),('57-21-52-93-17','true'),('36-98-52-96-24','true'),('49-68-85-38-56','true'),('62-47-12-63-15','true');
INSERT INTO Telefono([sTelefono],[bActivo]) VALUES('12-66-54-19-11','true'),('52-26-73-47-64','true'),('62-91-72-31-62','true'),('22-46-58-79-54','true'),('32-13-46-87-98','true'),('64-55-12-66-87','true'),('46-97-44-53-81','true'),('73-73-29-35-38','true'),('41-78-32-23-13','true'),('76-77-41-24-23','true');
-- CTìpoTelefono
INSERT INTO CTipoTelefono(sTipoTelefono) VALUES('Local');
INSERT INTO CTipoTelefono(sTipoTelefono) VALUES('Movil');
INSERT INTO CTipoTelefono(sTipoTelefono) VALUES('Oficina');
-- CTipo_Empleado
INSERT INTO CTipo_Empleado(sTipoEmpleado) VALUES('Taquero');
INSERT INTO CTipo_Empleado(sTipoEmpleado) VALUES('Mesero');
INSERT INTO CTipo_Empleado(sTipoEmpleado) VALUES('Intendencia');
-- CTipo_Sucursal
INSERT INTO CTipo_Sucursal(sTipoSucursal) VALUES('Local');
INSERT INTO CTipo_Sucursal(sTipoSucursal) VALUES('Puesto');
INSERT INTO CTipo_Sucursal(sTipoSucursal) VALUES('Food Truck');
-- CPicor
INSERT INTO CPicor(sPicor, bActivo) VALUES('Dulce', 1);
INSERT INTO CPicor(sPicor, bActivo) VALUES('Bajo', 1);
INSERT INTO CPicor(sPicor, bActivo) VALUES('Medio', 1);
INSERT INTO CPicor(sPicor, bActivo) VALUES('Alto', 1);
INSERT INTO CPicor(sPicor, bActivo) VALUES('Extremo', 1);
-- CCategoria_Producto
INSERT INTO CCategoria_Producto(sCategoria) VALUES('Refresco');
INSERT INTO CCategoria_Producto(sCategoria) VALUES('Taco');
INSERT INTO CCategoria_Producto(sCategoria) VALUES('Caldo');
INSERT INTO CCategoria_Producto(sCategoria) VALUES('Torta');
INSERT INTO CCategoria_Producto(sCategoria) VALUES('Otro');
-- Ingrediente
INSERT INTO Ingrediente ( sIngrediente, bActivo) VALUES ('carne de cerdo', 1);
INSERT INTO Ingrediente ( sIngrediente, bActivo) VALUES ('maiz pozolero', 1);
INSERT INTO Ingrediente ( sIngrediente, bActivo) VALUES ('cebolla', 1);
INSERT INTO Ingrediente ( sIngrediente, bActivo) VALUES ('dientes de ajo', 1);
INSERT INTO Ingrediente ( sIngrediente, bActivo) VALUES ('chile guajillo', 1);
INSERT INTO Ingrediente ( sIngrediente, bActivo) VALUES ('Knorr suiza', 1);
INSERT INTO Ingrediente ( sIngrediente, bActivo) VALUES ('oreganos', 1);
INSERT INTO Ingrediente ( sIngrediente, bActivo) VALUES ('chiles anchos', 1);
INSERT INTO Ingrediente ( sIngrediente, bActivo) VALUES ('chiles guajillos', 1);
INSERT INTO Ingrediente ( sIngrediente, bActivo) VALUES ('barra de pasta de achiote', 1);
INSERT INTO Ingrediente ( sIngrediente, bActivo) VALUES ('vinagre blanco', 1);
INSERT INTO Ingrediente ( sIngrediente, bActivo) VALUES ('jugo de naranja', 1);
INSERT INTO Ingrediente ( sIngrediente, bActivo) VALUES ('aceite de ma?z', 1);
INSERT INTO Ingrediente ( sIngrediente, bActivo) VALUES ('cilantro picado',1);
INSERT INTO Ingrediente ( sIngrediente, bActivo) VALUES ('filete de cerdo', 1);
INSERT INTO Ingrediente ( sIngrediente, bActivo) VALUES ('limones', 1);
INSERT INTO Ingrediente ( sIngrediente, bActivo) VALUES ('tazas de salsa', 1);
INSERT INTO Ingrediente ( sIngrediente, bActivo) VALUES ('piña', 1);
INSERT INTO Ingrediente ( sIngrediente, bActivo) VALUES ('leche', 1);
INSERT INTO Ingrediente ( sIngrediente, bActivo) VALUES ('Hojas de laurel', 1);
------- TIPO 2 ----------
-- CMunicipio
INSERT INTO CMunicipio(sMunicipio, nIdEstado) VALUES('Abala', 31);
INSERT INTO CMunicipio(sMunicipio, nIdEstado) VALUES('Abasola', 8);
INSERT INTO CMunicipio(sMunicipio, nIdEstado) VALUES('Abasole', 11);
INSERT INTO CMunicipio(sMunicipio, nIdEstado) VALUES('Abasolu', 19);
INSERT INTO CMunicipio(sMunicipio, nIdEstado) VALUES('Abasolo', 28);
INSERT INTO CMunicipio(sMunicipio, nIdEstado) VALUES('Abejones', 20);
INSERT INTO CMunicipio(sMunicipio, nIdEstado) VALUES('Acacoyagua', 5);
INSERT INTO CMunicipio(sMunicipio, nIdEstado) VALUES('Acajete', 21);
INSERT INTO CMunicipio(sMunicipio, nIdEstado) VALUES('Acajeto', 30);
INSERT INTO CMunicipio(sMunicipio, nIdEstado) VALUES('Acala', 5);
INSERT INTO CMunicipio(sMunicipio, nIdEstado) VALUES('Acambaro', 11);
INSERT INTO CMunicipio(sMunicipio, nIdEstado) VALUES('Acambay de Ruiz Castaneda', 15);
INSERT INTO CMunicipio(sMunicipio, nIdEstado) VALUES('Acanceh', 31);
INSERT INTO CMunicipio(sMunicipio, nIdEstado) VALUES('Acapetahua', 5);
INSERT INTO CMunicipio(sMunicipio, nIdEstado) VALUES('Acaponeta', 18);
-- Direccion
INSERT INTO DIRECCION ( sCalle, sColonia, sCp, sObservaciones, bActivo, nIdMunicipio) VALUES (' jose maria morelos','OJO DE AGUA 2A.', '56030', 'convallis',1, 15);
INSERT INTO DIRECCION ( sCalle, sColonia, sCp, sObservaciones, bActivo, nIdMunicipio) VALUES ('Miguel Angel de Quevedo','OCOTILLOS', '56030', 'dui, nec tempus',1, 14);
INSERT INTO DIRECCION ( sCalle, sColonia, sCp, sObservaciones, bActivo, nIdMunicipio) VALUES ('jose maria morelos','OCOPULCO', '1400', 'convallis',1, 15);
INSERT INTO DIRECCION ( sCalle, sColonia, sCp, sObservaciones, bActivo, nIdMunicipio) VALUES ('joses maria morelos','OCHO DE AGOSTO', '11860', 'dui, nec tempus',1, 2);
INSERT INTO DIRECCION ( sCalle, sColonia, sCp, sObservaciones, bActivo, nIdMunicipio) VALUES ('saturnino hernan','OLIVAR DE LOS PADRES', '56030', 'ac facilisis',1, 11);
INSERT INTO DIRECCION ( sCalle, sColonia, sCp, sObservaciones, bActivo, nIdMunicipio) VALUES ('Francisco Sosa','OCOTLA', '54943', 'nisl. Quisque fringilla euismod',0, 2);
INSERT INTO DIRECCION ( sCalle, sColonia, sCp, sObservaciones, bActivo, nIdMunicipio) VALUES ('gustavo e campa','OBRERA', '3820', 'ac facilisis',1, 2);
INSERT INTO DIRECCION ( sCalle, sColonia, sCp, sObservaciones, bActivo, nIdMunicipio) VALUES ('henry ford','OLIMPICA RADIO', '56030', 'enim diam vel arcu.',1, 15);
INSERT INTO DIRECCION ( sCalle, sColonia, sCp, sObservaciones, bActivo, nIdMunicipio) VALUES ('Miguel Hidalgo','OLIVAR DEL CONDE 2A.', '3820', 'sit amet metus. Aliquam',1, 13);
INSERT INTO DIRECCION ( sCalle, sColonia, sCp, sObservaciones, bActivo, nIdMunicipio) VALUES ('pedro romero de terreros','OBRERA', '13450', 'feugiat',0, 7);
INSERT INTO DIRECCION ( sCalle, sColonia, sCp, sObservaciones, bActivo, nIdMunicipio) VALUES ('victoria, moctezuma','OLIMPICA RADIO', '1780', 'ac facilisis',0, 15);
-- Sucursal
INSERT INTO Sucursal (sNombre,bAdomicilio,bActivo,nIdDireccion,nIdTelefono,nIdTipoSucursal) VALUES ('PASTOR ENCH1N',1,0,1,1,2)
INSERT INTO Sucursal (sNombre,bAdomicilio,bActivo,nIdDireccion,nIdTelefono,nIdTipoSucursal) VALUES ('PASTOR ENCH2S',1,1,5,10,2)
INSERT INTO Sucursal (sNombre,bAdomicilio,bActivo,nIdDireccion,nIdTelefono,nIdTipoSucursal) VALUES ('PASTOR ENCH3S',1,0,6,2,2)
INSERT INTO Sucursal (sNombre,bAdomicilio,bActivo,nIdDireccion,nIdTelefono,nIdTipoSucursal) VALUES ('PASTOR ENCH4E',1,0,3,9,3)
INSERT INTO Sucursal (sNombre,bAdomicilio,bActivo,nIdDireccion,nIdTelefono,nIdTipoSucursal) VALUES ('PASTOR ENCH5N',0,1,8,3,3)
INSERT INTO Sucursal (sNombre,bAdomicilio,bActivo,nIdDireccion,nIdTelefono,nIdTipoSucursal) VALUES ('PASTOR ENCH6S',0,1,9,8,1)
INSERT INTO Sucursal (sNombre,bAdomicilio,bActivo,nIdDireccion,nIdTelefono,nIdTipoSucursal) VALUES ('PASTOR ENCH7S',0,1,4,4,2)
INSERT INTO Sucursal (sNombre,bAdomicilio,bActivo,nIdDireccion,nIdTelefono,nIdTipoSucursal) VALUES ('PASTOR ENCH8S',0,1,7,7,2)
INSERT INTO Sucursal (sNombre,bAdomicilio,bActivo,nIdDireccion,nIdTelefono,nIdTipoSucursal) VALUES ('PASTOR ENCH9E',1,1,2,5,1)
INSERT INTO Sucursal (sNombre,bAdomicilio,bActivo,nIdDireccion,nIdTelefono,nIdTipoSucursal) VALUES ('PASTOR ENCH10N',0,0,10,6,1)
-- Horario
INSERT INTO Horario VALUES('11:00','22:00','TRUE',10,5);
INSERT INTO Horario VALUES('8:00','17:00','TRUE',1,4);
INSERT INTO Horario VALUES('10:00','21:00','TRUE',9,3);
INSERT INTO Horario VALUES('5:00','16:00','TRUE',2,7);
INSERT INTO Horario VALUES('6:00','15:00','TRUE',3,3);
INSERT INTO Horario VALUES('5:00','16:00','TRUE',8,4);
INSERT INTO Horario VALUES('8:00','16:00','TRUE',4,6);
INSERT INTO Horario VALUES('8:00','17:00','TRUE',7,1);
INSERT INTO Horario VALUES('6:00','15:00','TRUE',5,5);
INSERT INTO Horario VALUES('9:00','19:00','TRUE',6,7);
-- Empleado
INSERT INTO Empleado(dFechaContratacion,sRFC,bActivo,nIdPersona,nIdSucursal,nIdTipoEmpleado) VALUES ('2015-05-21','11699534-4',1,10,5,3)
INSERT INTO Empleado(dFechaContratacion,sRFC,bActivo,nIdPersona,nIdSucursal,nIdTipoEmpleado) VALUES ('2015-03-26','29501544-6',1,1,6,1)
INSERT INTO Empleado(dFechaContratacion,sRFC,bActivo,nIdPersona,nIdSucursal,nIdTipoEmpleado) VALUES ('2014-12-01','18083176-2',1,9,4,3)
INSERT INTO Empleado(dFechaContratacion,sRFC,bActivo,nIdPersona,nIdSucursal,nIdTipoEmpleado) VALUES ('2015-01-22','26931632-2',0,2,7,2)
INSERT INTO Empleado(dFechaContratacion,sRFC,bActivo,nIdPersona,nIdSucursal,nIdTipoEmpleado) VALUES ('2015-10-01','39831341-0',0,8,3,2)
INSERT INTO Empleado(dFechaContratacion,sRFC,bActivo,nIdPersona,nIdSucursal,nIdTipoEmpleado) VALUES ('2015-05-20','19676643-K',1,3,8,1)
INSERT INTO Empleado(dFechaContratacion,sRFC,bActivo,nIdPersona,nIdSucursal,nIdTipoEmpleado) VALUES ('2015-02-11','47538795-3',1,7,2,3)
INSERT INTO Empleado(dFechaContratacion,sRFC,bActivo,nIdPersona,nIdSucursal,nIdTipoEmpleado) VALUES ('2015-08-14','50643671-0',0,4,9,2)
INSERT INTO Empleado(dFechaContratacion,sRFC,bActivo,nIdPersona,nIdSucursal,nIdTipoEmpleado) VALUES ('2015-11-23','36963757-6',1,6,1,1)
INSERT INTO Empleado(dFechaContratacion,sRFC,bActivo,nIdPersona,nIdSucursal,nIdTipoEmpleado) VALUES ('2015-05-07','42886200-7',0,5,10,3);
-- Orden
INSERT INTO Orden(mTotal,dFecha,nIdEmpleado,nIdDia) VALUES(726.88,'2016-08-28',10,2);
INSERT INTO Orden(mTotal,dFecha,nIdEmpleado,nIdDia) VALUES(322.00,'2017-07-16',8,4);
INSERT INTO Orden(mTotal,dFecha,nIdEmpleado,nIdDia) VALUES(788.12,'2016-03-21',6,6);
INSERT INTO Orden(mTotal,dFecha,nIdEmpleado,nIdDia) VALUES(918.46,'2017-05-21',4,4);
INSERT INTO Orden(mTotal,dFecha,nIdEmpleado,nIdDia) VALUES(194.55,'2016-07-18',2,6);
INSERT INTO Orden(mTotal,dFecha,nIdEmpleado,nIdDia) VALUES(856.58,'2016-01-07',9,7);
INSERT INTO Orden(mTotal,dFecha,nIdEmpleado,nIdDia) VALUES(295.86,'2016-12-27',7,5);
INSERT INTO Orden(mTotal,dFecha,nIdEmpleado,nIdDia) VALUES(926.82,'2016-07-07',5,4);
INSERT INTO Orden(mTotal,dFecha,nIdEmpleado,nIdDia) VALUES(259.34,'2017-09-12',3,6);
INSERT INTO Orden(mTotal,dFecha,nIdEmpleado,nIdDia) VALUES(861.11,'2016-10-28',1,7);
INSERT INTO Orden(mTotal,dFecha,nIdEmpleado,nIdDia) VALUES(81.11,'2016-10-29',1,7);
INSERT INTO Orden(mTotal,dFecha,nIdEmpleado,nIdDia) VALUES(82.11,'2016-10-30',1,6);
INSERT INTO Orden(mTotal,dFecha,nIdEmpleado,nIdDia) VALUES(83.11,'2016-10-29',2,5);
INSERT INTO Orden(mTotal,dFecha,nIdEmpleado,nIdDia) VALUES(84.11,'2016-10-19',3,7);
INSERT INTO Orden(mTotal,dFecha,nIdEmpleado,nIdDia) VALUES(85.11,'2016-10-09',4,7);
INSERT INTO Orden(mTotal,dFecha,nIdEmpleado,nIdDia) VALUES(86.11,'2016-10-23',5,4);
INSERT INTO Orden(mTotal,dFecha,nIdEmpleado,nIdDia) VALUES(87.11,'2016-10-24',1,3);
INSERT INTO Orden(mTotal,dFecha,nIdEmpleado,nIdDia) VALUES(88.11,'2016-10-25',6,2);
INSERT INTO Orden(mTotal,dFecha,nIdEmpleado,nIdDia) VALUES(89.11,'2016-10-25',1,1);
INSERT INTO Orden(mTotal,dFecha,nIdEmpleado,nIdDia) VALUES(900.11,'2016-10-23',7,7);
-- Cliente
INSERT INTO Cliente([sMonedero],[mSaldo],[dFechaRegistro],[bActivo],[nIdPersona]) VALUES ('ligula.','$5,793','2017-06-24',1,20)
INSERT INTO Cliente([sMonedero],[mSaldo],[dFechaRegistro],[bActivo],[nIdPersona]) VALUES ('euismod','$9,009','2017-09-08',1,19)
INSERT INTO Cliente([sMonedero],[mSaldo],[dFechaRegistro],[bActivo],[nIdPersona]) VALUES ('congue','$6,739','2016-10-17',1,18)
INSERT INTO Cliente([sMonedero],[mSaldo],[dFechaRegistro],[bActivo],[nIdPersona]) VALUES ('sapien,','$5,894','2017-05-09',0,17)
INSERT INTO Cliente([sMonedero],[mSaldo],[dFechaRegistro],[bActivo],[nIdPersona]) VALUES ('pulvinar','$5,652','2016-12-16',0,16)
INSERT INTO Cliente([sMonedero],[mSaldo],[dFechaRegistro],[bActivo],[nIdPersona]) VALUES ('Nunc','$6,988','2017-10-04',0,15)
INSERT INTO Cliente([sMonedero],[mSaldo],[dFechaRegistro],[bActivo],[nIdPersona]) VALUES ('consequat','$8,286','2017-09-07',0,14)
INSERT INTO Cliente([sMonedero],[mSaldo],[dFechaRegistro],[bActivo],[nIdPersona]) VALUES ('sit','$8,390','2016-01-26',0,13)
INSERT INTO Cliente([sMonedero],[mSaldo],[dFechaRegistro],[bActivo],[nIdPersona]) VALUES ('vitae,','$5,335','2016-05-23',0,12)
INSERT INTO Cliente([sMonedero],[mSaldo],[dFechaRegistro],[bActivo],[nIdPersona]) VALUES ('tincidunt.','$6,268','2016-07-13',1,11);
INSERT INTO Cliente([sMonedero],[mSaldo],[dFechaRegistro],[bActivo],[nIdPersona]) VALUES ('082730AJS9','$1,392','2016-06-12',1,21);
INSERT INTO Cliente([sMonedero],[mSaldo],[dFechaRegistro],[bActivo],[nIdPersona]) VALUES ('AKDJI39949','$1,393','2016-06-12',1,22);
INSERT INTO Cliente([sMonedero],[mSaldo],[dFechaRegistro],[bActivo],[nIdPersona]) VALUES ('0SF8WJDNFK','$1,394','2016-06-12',1,23);
INSERT INTO Cliente([sMonedero],[mSaldo],[dFechaRegistro],[bActivo],[nIdPersona]) VALUES ('02MCDKSL2M','$1,395','2016-06-12',1,24);
INSERT INTO Cliente([sMonedero],[mSaldo],[dFechaRegistro],[bActivo],[nIdPersona]) VALUES ('837DH377DJ','$1,396','2016-06-12',1,25);
INSERT INTO Cliente([sMonedero],[mSaldo],[dFechaRegistro],[bActivo],[nIdPersona]) VALUES ('1237DJCNSC','$1,397','2016-06-12',1,26);
INSERT INTO Cliente([sMonedero],[mSaldo],[dFechaRegistro],[bActivo],[nIdPersona]) VALUES ('4827DHSMDK','$1,398','2016-06-12',1,27);
INSERT INTO Cliente([sMonedero],[mSaldo],[dFechaRegistro],[bActivo],[nIdPersona]) VALUES ('38D7CHNJS3','$1,334','2016-06-12',1,28);
INSERT INTO Cliente([sMonedero],[mSaldo],[dFechaRegistro],[bActivo],[nIdPersona]) VALUES ('873HDNCBDG','$1,332','2016-06-12',1,29);
INSERT INTO Cliente([sMonedero],[mSaldo],[dFechaRegistro],[bActivo],[nIdPersona]) VALUES ('38627DND33','$1,382','2016-06-12',1,30);
-- Producto
INSERT INTO Producto([sProducto],[bActivo],[nIdCategoria]) VALUES('Enchiladas verdes',0,5);
INSERT INTO Producto([sProducto],[bActivo],[nIdCategoria]) VALUES('Pozole blanco',1,3);
INSERT INTO Producto([sProducto],[bActivo],[nIdCategoria]) VALUES('Torta de Milanesa',1,4);
INSERT INTO Producto([sProducto],[bActivo],[nIdCategoria]) VALUES('Pozole rojo',0,3);
INSERT INTO Producto([sProducto],[bActivo],[nIdCategoria]) VALUES('Enchiladas rojas',0,5);
INSERT INTO Producto([sProducto],[bActivo],[nIdCategoria]) VALUES('Sincronizadas',1,5);
INSERT INTO Producto([sProducto],[bActivo],[nIdCategoria]) VALUES('Sidral Mundet',0,1);
INSERT INTO Producto([sProducto],[bActivo],[nIdCategoria]) VALUES('Taco al Pastor',0,2);
INSERT INTO Producto([sProducto],[bActivo],[nIdCategoria]) VALUES('Pepsi',1,1);
INSERT INTO Producto([sProducto],[bActivo],[nIdCategoria]) VALUES('Miranda',1,1);
-- Sucursal_Producto
INSERT INTO Sucursal_Producto (mPrecio,dFechaActualizacion,bActivo,nIdSucursal,nIdProducto) VALUES (87.33,'2015-10-18',1,8,2)
INSERT INTO Sucursal_Producto (mPrecio,dFechaActualizacion,bActivo,nIdSucursal,nIdProducto) VALUES (37.08,'2016-10-10',1,10,9)
INSERT INTO Sucursal_Producto (mPrecio,dFechaActualizacion,bActivo,nIdSucursal,nIdProducto) VALUES (5.10,'2015-01-10',0,4,1)
INSERT INTO Sucursal_Producto (mPrecio,dFechaActualizacion,bActivo,nIdSucursal,nIdProducto) VALUES (5.79,'2016-08-18',1,2,5)
INSERT INTO Sucursal_Producto (mPrecio,dFechaActualizacion,bActivo,nIdSucursal,nIdProducto) VALUES (5.08,'2016-04-25',0,5,7)
INSERT INTO Sucursal_Producto (mPrecio,dFechaActualizacion,bActivo,nIdSucursal,nIdProducto) VALUES (64.34,'2015-01-05',0,8,1)
INSERT INTO Sucursal_Producto (mPrecio,dFechaActualizacion,bActivo,nIdSucursal,nIdProducto) VALUES (15.18,'2015-11-15',0,8,9)
INSERT INTO Sucursal_Producto (mPrecio,dFechaActualizacion,bActivo,nIdSucursal,nIdProducto) VALUES (74.24,'2015-06-16',1,5,3)
INSERT INTO Sucursal_Producto (mPrecio,dFechaActualizacion,bActivo,nIdSucursal,nIdProducto) VALUES (46.11,'2016-08-24',0,5,3)
INSERT INTO Sucursal_Producto (mPrecio,dFechaActualizacion,bActivo,nIdSucursal,nIdProducto) VALUES (67.63,'2015-10-15',0,1,4)
-- DetalleOrden
INSERT INTO DetalleOrden([nCantidad],[bDomicilio],[nIdSucursalProducto],[nIdOrden],[nIdCliente]) VALUES (24,0,1,10,10)
INSERT INTO DetalleOrden([nCantidad],[bDomicilio],[nIdSucursalProducto],[nIdOrden],[nIdCliente]) VALUES (8,0,10,8,9)
INSERT INTO DetalleOrden([nCantidad],[bDomicilio],[nIdSucursalProducto],[nIdOrden],[nIdCliente]) VALUES (29,1,2,7,8)
INSERT INTO DetalleOrden([nCantidad],[bDomicilio],[nIdSucursalProducto],[nIdOrden],[nIdCliente]) VALUES (23,0,9,2,7)
INSERT INTO DetalleOrden([nCantidad],[bDomicilio],[nIdSucursalProducto],[nIdOrden],[nIdCliente]) VALUES (25,0,3,6,6)
INSERT INTO DetalleOrden([nCantidad],[bDomicilio],[nIdSucursalProducto],[nIdOrden],[nIdCliente]) VALUES (26,1,8,1,5)
INSERT INTO DetalleOrden([nCantidad],[bDomicilio],[nIdSucursalProducto],[nIdOrden],[nIdCliente]) VALUES (5,1,4,3,4)
INSERT INTO DetalleOrden([nCantidad],[bDomicilio],[nIdSucursalProducto],[nIdOrden],[nIdCliente]) VALUES (28,0,7,4,3)
INSERT INTO DetalleOrden([nCantidad],[bDomicilio],[nIdSucursalProducto],[nIdOrden],[nIdCliente]) VALUES (1,1,5,5,2)
INSERT INTO DetalleOrden([nCantidad],[bDomicilio],[nIdSucursalProducto],[nIdOrden],[nIdCliente]) VALUES (4,1,6,9,1);
INSERT INTO DetalleOrden([nCantidad],[bDomicilio],[nIdSucursalProducto],[nIdOrden],[nIdCliente]) VALUES (1,1,6,11,11);
INSERT INTO DetalleOrden([nCantidad],[bDomicilio],[nIdSucursalProducto],[nIdOrden],[nIdCliente]) VALUES (2,0,6,12,12);
INSERT INTO DetalleOrden([nCantidad],[bDomicilio],[nIdSucursalProducto],[nIdOrden],[nIdCliente]) VALUES (3,1,5,13,13);
INSERT INTO DetalleOrden([nCantidad],[bDomicilio],[nIdSucursalProducto],[nIdOrden],[nIdCliente]) VALUES (4,1,1,14,14);
INSERT INTO DetalleOrden([nCantidad],[bDomicilio],[nIdSucursalProducto],[nIdOrden],[nIdCliente]) VALUES (5,0,2,15,15);
INSERT INTO DetalleOrden([nCantidad],[bDomicilio],[nIdSucursalProducto],[nIdOrden],[nIdCliente]) VALUES (6,1,3,16,16);
INSERT INTO DetalleOrden([nCantidad],[bDomicilio],[nIdSucursalProducto],[nIdOrden],[nIdCliente]) VALUES (7,1,4,17,17);
INSERT INTO DetalleOrden([nCantidad],[bDomicilio],[nIdSucursalProducto],[nIdOrden],[nIdCliente]) VALUES (3,0,7,18,18);
INSERT INTO DetalleOrden([nCantidad],[bDomicilio],[nIdSucursalProducto],[nIdOrden],[nIdCliente]) VALUES (5,1,8,19,19);
INSERT INTO DetalleOrden([nCantidad],[bDomicilio],[nIdSucursalProducto],[nIdOrden],[nIdCliente]) VALUES (3,1,6,20,20);
-- Promocion
INSERT INTO Promocion([sPromocion],[nIdSucursalProducto],[nIdDia],[sDetalle]) VALUES('Tortas 2x1, velit',10,5,'fames ac turpis egestas. Aliquam fringilla cursus purus. Nullam scelerisque neque sed sem egestas blandit. Nam nulla magna, malesuada vel,');
INSERT INTO Promocion([sPromocion],[nIdSucursalProducto],[nIdDia],[sDetalle]) VALUES('Promoción Fiestas Patrias',8,2,'parturient montes, nascetur ridiculus mus. Proin vel');
INSERT INTO Promocion([sPromocion],[nIdSucursalProducto],[nIdDia],[sDetalle]) VALUES('Llevate 1 bebida gratis por cada compra',6,4,'aliquam adipiscing lacus. Ut nec urna et arcu imperdiet ullamcorper. Duis at lacus. Quisque purus sapien, gravida non, sollicitudin');
INSERT INTO Promocion([sPromocion],[nIdSucursalProducto],[nIdDia],[sDetalle]) VALUES('Combo Lunes',4,3,'vestibulum nec,');
INSERT INTO Promocion([sPromocion],[nIdSucursalProducto],[nIdDia],[sDetalle]) VALUES('Menú futbolero',2,4,'Integer eu lacus. Quisque imperdiet, erat nonummy ultricies ornare, elit elit fermentum risus, at fringilla purus');
INSERT INTO Promocion([sPromocion],[nIdSucursalProducto],[nIdDia],[sDetalle]) VALUES('Cupón taco gratis',9,1,'tellus. Phasellus elit pede, malesuada vel, venenatis');
INSERT INTO Promocion([sPromocion],[nIdSucursalProducto],[nIdDia],[sDetalle]) VALUES('Gana un Playstation 4',7,1,'egestas. Fusce aliquet magna a neque. Nullam ut nisi a odio semper cursus. Integer mollis. Integer tincidunt aliquam arcu. Aliquam');
INSERT INTO Promocion([sPromocion],[nIdSucursalProducto],[nIdDia],[sDetalle]) VALUES('Burrito supremo: Precio de lanzamiento',5,1,'a, malesuada');
INSERT INTO Promocion([sPromocion],[nIdSucursalProducto],[nIdDia],[sDetalle]) VALUES('Hora Feliz de 2 a 5',3,7,'risus odio, auctor vitae, aliquet nec, imperdiet nec, leo. Morbi neque tellus, imperdiet non, vestibulum nec, euismod in,');
INSERT INTO Promocion([sPromocion],[nIdSucursalProducto],[nIdDia],[sDetalle]) VALUES('El cumpleañero come gratis',1,4,'augue scelerisque mollis. Phasellus libero mauris, aliquam eu, accumsan sed, facilisis vitae, orci. Phasellus dapibus quam quis diam. Pellentesque');
-- Provvedor
INSERT INTO Proveedor([sProveedor],[sRFC],[bActivo],[nIdDireccion]) VALUES('Alimentos Prácticos y Selectos','CPQO992670YB6','1',1);
INSERT INTO Proveedor([sProveedor],[sRFC],[bActivo],[nIdDireccion]) VALUES('Casa Guerrero Hermanos','PQRR335971KP2','0',2);
INSERT INTO Proveedor([sProveedor],[sRFC],[bActivo],[nIdDireccion]) VALUES('Hanan Distribuciones','AHSC197766NP8','0',3);
INSERT INTO Proveedor([sProveedor],[sRFC],[bActivo],[nIdDireccion]) VALUES('Mexicana de Abarrotes','PLWZ324382IF9','0',4);
INSERT INTO Proveedor([sProveedor],[sRFC],[bActivo],[nIdDireccion]) VALUES('Especialidades Comerciales Reyes','GJKF246983JE5','0',5);
INSERT INTO Proveedor([sProveedor],[sRFC],[bActivo],[nIdDireccion]) VALUES('Alimentos del Mediterráneo  ','HSLJ140480BD1','0',6);
INSERT INTO Proveedor([sProveedor],[sRFC],[bActivo],[nIdDireccion]) VALUES('Cárnicas Rasa ','VUIC775312QB6','0',7);
INSERT INTO Proveedor([sProveedor],[sRFC],[bActivo],[nIdDireccion]) VALUES('Granja 2 Cuñados','MLDU537211PG4','0',8);
INSERT INTO Proveedor([sProveedor],[sRFC],[bActivo],[nIdDireccion]) VALUES('Ojeda Refrigeración','GTFZ030723OQ8','1',9);
INSERT INTO Proveedor([sProveedor],[sRFC],[bActivo],[nIdDireccion]) VALUES('PEPSI (Embotelladora)','BILT976878GS4','0',10);
-- Salsa
INSERT INTO Salsa(sSalsa, bActivo, nIdPicor) VALUES('Lemon Pepper Rub', 0, 1);
INSERT INTO Salsa(sSalsa, bActivo, nIdPicor) VALUES('BBQ', 1, 1);
INSERT INTO Salsa(sSalsa, bActivo, nIdPicor) VALUES('Parmesan Garlic', 0, 1);
INSERT INTO Salsa(sSalsa, bActivo, nIdPicor) VALUES('Samurai Teriyaki', 0, 1);
INSERT INTO Salsa(sSalsa, bActivo, nIdPicor) VALUES('Chesapeake Rub', 0, 2);
INSERT INTO Salsa(sSalsa, bActivo, nIdPicor) VALUES('Cajun', 1, 2);
INSERT INTO Salsa(sSalsa, bActivo, nIdPicor) VALUES('Medium', 0, 2);
INSERT INTO Salsa(sSalsa, bActivo, nIdPicor) VALUES('Chipotle Honey', 0, 3);
INSERT INTO Salsa(sSalsa, bActivo, nIdPicor) VALUES('Daytona Beach', 1, 3);
INSERT INTO Salsa(sSalsa, bActivo, nIdPicor) VALUES('Hot', 1, 3);
INSERT INTO Salsa(sSalsa, bActivo, nIdPicor) VALUES('General Tsos', 0, 3);
INSERT INTO Salsa(sSalsa, bActivo, nIdPicor) VALUES('Habanero BBQ', 1, 4);
INSERT INTO Salsa(sSalsa, bActivo, nIdPicor) VALUES('3 Mile Island', 1, 4);
INSERT INTO Salsa(sSalsa, bActivo, nIdPicor) VALUES('911', 0, 4);
INSERT INTO Salsa(sSalsa, bActivo, nIdPicor) VALUES('Spicy Garlic', 0, 5);
INSERT INTO Salsa(sSalsa, bActivo, nIdPicor) VALUES('Triple Dog Dare', 1, 5);
INSERT INTO Salsa(sSalsa, bActivo, nIdPicor) VALUES('Muy Macho', 1, 5);
-- Salsa_Producto
INSERT INTO Salsa_Producto([nIdSalsa],[nIdProducto],[bActivo]) VALUES (1,10,0)
INSERT INTO Salsa_Producto([nIdSalsa],[nIdProducto],[bActivo]) VALUES (17,8,1)
INSERT INTO Salsa_Producto([nIdSalsa],[nIdProducto],[bActivo]) VALUES (2,6,0)
INSERT INTO Salsa_Producto([nIdSalsa],[nIdProducto],[bActivo]) VALUES (16,4,0)
INSERT INTO Salsa_Producto([nIdSalsa],[nIdProducto],[bActivo]) VALUES (4,2,0)
INSERT INTO Salsa_Producto([nIdSalsa],[nIdProducto],[bActivo]) VALUES (14,9,0)
INSERT INTO Salsa_Producto([nIdSalsa],[nIdProducto],[bActivo]) VALUES (5,7,1)
INSERT INTO Salsa_Producto([nIdSalsa],[nIdProducto],[bActivo]) VALUES (13,5,0)
INSERT INTO Salsa_Producto([nIdSalsa],[nIdProducto],[bActivo]) VALUES (6,3,1)
INSERT INTO Salsa_Producto([nIdSalsa],[nIdProducto],[bActivo]) VALUES (12,1,1);
------ TIPO 3 --------
-- Proveedor_Telefono
INSERT INTO Proveedor_Telefono VALUES (1,10,'TRUE',3);
INSERT INTO Proveedor_Telefono VALUES (2,8,'TRUE',1);
INSERT INTO Proveedor_Telefono VALUES (3,6,'TRUE',1);
INSERT INTO Proveedor_Telefono VALUES (4,4,'TRUE',2);
INSERT INTO Proveedor_Telefono VALUES (5,2,'TRUE',3);
INSERT INTO Proveedor_Telefono VALUES (6,9,'TRUE',1);
INSERT INTO Proveedor_Telefono VALUES (7,7,'FALSE',2);
INSERT INTO Proveedor_Telefono VALUES (8,5,'FALSE',3);
INSERT INTO Proveedor_Telefono VALUES (9,3,'TRUE',1);
INSERT INTO Proveedor_Telefono VALUES (10,1,'FALSE',1);
-- Direccion_Persona
INSERT INTO Direccion_Persona ( nIdDireccion, nIdPersona, bActivo,  nIdTipoDireccion) VALUES (1, 10, 1, 2);
INSERT INTO Direccion_Persona ( nIdDireccion, nIdPersona, bActivo,  nIdTipoDireccion) VALUES (10, 2, 0, 2);
INSERT INTO Direccion_Persona ( nIdDireccion, nIdPersona, bActivo,  nIdTipoDireccion) VALUES (2, 9, 1, 2);
INSERT INTO Direccion_Persona ( nIdDireccion, nIdPersona, bActivo,  nIdTipoDireccion) VALUES (9, 3, 0, 2);
INSERT INTO Direccion_Persona ( nIdDireccion, nIdPersona, bActivo,  nIdTipoDireccion) VALUES (3, 8, 1, 1);
INSERT INTO Direccion_Persona ( nIdDireccion, nIdPersona, bActivo,  nIdTipoDireccion) VALUES (8, 4, 0, 2);
INSERT INTO Direccion_Persona ( nIdDireccion, nIdPersona, bActivo,  nIdTipoDireccion) VALUES (4, 7, 0, 1);
INSERT INTO Direccion_Persona ( nIdDireccion, nIdPersona, bActivo,  nIdTipoDireccion) VALUES (7, 5, 0, 2);
INSERT INTO Direccion_Persona ( nIdDireccion, nIdPersona, bActivo,  nIdTipoDireccion) VALUES (5, 6, 0, 1);
INSERT INTO Direccion_Persona ( nIdDireccion, nIdPersona, bActivo,  nIdTipoDireccion) VALUES (6, 5, 1, 1);
-- Persona_Telefono
INSERT INTO Persona_Telefono VALUES (10,1,'true',1);
INSERT INTO Persona_Telefono VALUES (8,3,'true',2);
INSERT INTO Persona_Telefono VALUES (6,5,'true',3);
INSERT INTO Persona_Telefono VALUES (4,7,'true',1);
INSERT INTO Persona_Telefono VALUES (2,9,'true',1);
INSERT INTO Persona_Telefono VALUES (9,2,'true',1);
INSERT INTO Persona_Telefono VALUES (7,4,'true',1);
INSERT INTO Persona_Telefono VALUES (5,6,'true',3);
INSERT INTO Persona_Telefono VALUES (3,8,'true',3);
INSERT INTO Persona_Telefono VALUES (1,10,'true',1);
-- Proveedor_Ingrediente
INSERT INTO Proveedor_Ingrediente (dFecha,mCosto,sCantidad,nIdProveedor,nIdIngrediente,nIdSucursal) VALUES ('2014-11-05',26.91,'8.998',10,1,5)
INSERT INTO Proveedor_Ingrediente (dFecha,mCosto,sCantidad,nIdProveedor,nIdIngrediente,nIdSucursal) VALUES ('2016-10-11',35.90,'0.551',8,3,6)
INSERT INTO Proveedor_Ingrediente (dFecha,mCosto,sCantidad,nIdProveedor,nIdIngrediente,nIdSucursal) VALUES ('2016-04-14',96.19,'2.613',6,5,4)
INSERT INTO Proveedor_Ingrediente (dFecha,mCosto,sCantidad,nIdProveedor,nIdIngrediente,nIdSucursal) VALUES ('2015-02-07',98.72,'9.248',4,7,7)
INSERT INTO Proveedor_Ingrediente (dFecha,mCosto,sCantidad,nIdProveedor,nIdIngrediente,nIdSucursal) VALUES ('2014-07-22',42.53,'3.429',2,9,3)
INSERT INTO Proveedor_Ingrediente (dFecha,mCosto,sCantidad,nIdProveedor,nIdIngrediente,nIdSucursal) VALUES ('2015-08-06',69.40,'0.145',9,2,8)
INSERT INTO Proveedor_Ingrediente (dFecha,mCosto,sCantidad,nIdProveedor,nIdIngrediente,nIdSucursal) VALUES ('2014-06-12',42.77,'7.247',7,4,2)
INSERT INTO Proveedor_Ingrediente (dFecha,mCosto,sCantidad,nIdProveedor,nIdIngrediente,nIdSucursal) VALUES ('2015-07-13',39.34,'3.896',5,6,9)
INSERT INTO Proveedor_Ingrediente (dFecha,mCosto,sCantidad,nIdProveedor,nIdIngrediente,nIdSucursal) VALUES ('2015-09-22',65.85,'2.559',3,8,1)
INSERT INTO Proveedor_Ingrediente (dFecha,mCosto,sCantidad,nIdProveedor,nIdIngrediente,nIdSucursal) VALUES ('2014-02-02',68.95,'3.125',1,10,10)
-- Telefono_Proveedor
INSERT INTO Telefono_Proveedor(nIdTelefono, nIdProveedor, bActivo, nIdTipoTelefono) VALUES(10, 8, 'true', 2);
INSERT INTO Telefono_Proveedor(nIdTelefono, nIdProveedor, bActivo, nIdTipoTelefono) VALUES(9, 2, 'true', 1);
INSERT INTO Telefono_Proveedor(nIdTelefono, nIdProveedor, bActivo, nIdTipoTelefono) VALUES(8, 1, 'true', 1);
INSERT INTO Telefono_Proveedor(nIdTelefono, nIdProveedor, bActivo, nIdTipoTelefono) VALUES(7, 9, 'true', 1);
INSERT INTO Telefono_Proveedor(nIdTelefono, nIdProveedor, bActivo, nIdTipoTelefono) VALUES(6, 8, 'true', 3);
INSERT INTO Telefono_Proveedor(nIdTelefono, nIdProveedor, bActivo, nIdTipoTelefono) VALUES(5, 3, 'true', 2);
INSERT INTO Telefono_Proveedor(nIdTelefono, nIdProveedor, bActivo, nIdTipoTelefono) VALUES(4, 6, 'true', 3);
INSERT INTO Telefono_Proveedor(nIdTelefono, nIdProveedor, bActivo, nIdTipoTelefono) VALUES(3, 8, 'true', 3);
INSERT INTO Telefono_Proveedor(nIdTelefono, nIdProveedor, bActivo, nIdTipoTelefono) VALUES(2, 4, 'true', 1);
INSERT INTO Telefono_Proveedor(nIdTelefono, nIdProveedor, bActivo, nIdTipoTelefono) VALUES(1, 7, 'true', 2);
-- Salsa_Ingrediente
INSERT INTO Salsa_Ingrediente(nIdSalsa,nIdIngrediente,sPorcion,bActivo) VALUES(1,1,'poca',0);
INSERT INTO Salsa_Ingrediente(nIdSalsa,nIdIngrediente,sPorcion,bActivo) VALUES(2,1,'mucha',0);
INSERT INTO Salsa_Ingrediente(nIdSalsa,nIdIngrediente,sPorcion,bActivo) VALUES(3,1,'mucha',1);
INSERT INTO Salsa_Ingrediente(nIdSalsa,nIdIngrediente,sPorcion,bActivo) VALUES(4,1,'poca',1);
INSERT INTO Salsa_Ingrediente(nIdSalsa,nIdIngrediente,sPorcion,bActivo) VALUES(5,1,'mediana',1);
INSERT INTO Salsa_Ingrediente(nIdSalsa,nIdIngrediente,sPorcion,bActivo) VALUES(6,1,'mediana',1);
INSERT INTO Salsa_Ingrediente(nIdSalsa,nIdIngrediente,sPorcion,bActivo) VALUES(7,1,'poca',1);
INSERT INTO Salsa_Ingrediente(nIdSalsa,nIdIngrediente,sPorcion,bActivo) VALUES(8,1,'mediana',1);
INSERT INTO Salsa_Ingrediente(nIdSalsa,nIdIngrediente,sPorcion,bActivo) VALUES(9,1,'mucha',0);
INSERT INTO Salsa_Ingrediente(nIdSalsa,nIdIngrediente,sPorcion,bActivo) VALUES(10,1,'poca',1);
-- Ingrediente_Producto
INSERT INTO Ingrediente_Producto VALUES (1, 7, '10 tazas', 0);
INSERT INTO Ingrediente_Producto VALUES (3, 8, '2 cucharadas', 1);
INSERT INTO Ingrediente_Producto VALUES (6, 9, '3 ', 1);
INSERT INTO Ingrediente_Producto VALUES (9, 10, '8 cucharadas', 0);
INSERT INTO Ingrediente_Producto VALUES (4, 1, '4 ', 1);
INSERT INTO Ingrediente_Producto VALUES (8, 2, '1 cucharadas', 0);
INSERT INTO Ingrediente_Producto VALUES (1, 3, '7 pizca', 1);
INSERT INTO Ingrediente_Producto VALUES (6, 4, '8 ', 0);
INSERT INTO Ingrediente_Producto VALUES (5, 5, '8 pizca', 0);
INSERT INTO Ingrediente_Producto VALUES (2, 6, '4 ', 1);
